collision_index,collision_year,date,time,police_force,collision_severity,number_of_vehicles,number_of_casualties,longitude,latitude,speed_limit,weather_conditions,light_conditions,urban_or_rural_area,vehicle_reference,vehicle_type,vehicle_manoeuvre,sex_of_driver,age_of_driver,age_band_of_driver,journey_purpose_of_driver,generic_make_model,casualty_reference,casualty_class,sex_of_casualty,age_of_casualty,age_band_of_casualty,casualty_severity,casualty_type
2024440209535,2024,19/05/2024,07:47,44,3,2,1,-1.3457,50.7026,60,1,1,2,2,9,13,1,24,5,6,VAUXHALL ASTRA,,,,,,,
2024440209837,2024,19/05/2024,13:56,44,3,3,1,-1.32371,50.63074,60,1,1,2,1,9,3,1,41,7,6,FORD MODEL MISSING,,,,,,,
2024440209837,2024,19/05/2024,13:56,44,3,3,1,-1.32371,50.63074,60,1,1,2,2,1,19,1,-1,-1,6,-1,,,,,,,
2024440209837,2024,19/05/2024,13:56,44,3,3,1,-1.32371,50.63074,60,1,1,2,3,1,19,1,30,6,6,-1,1.0,1.0,1.0,30.0,6.0,3.0,1.0
2024440218080,2024,24/05/2024,13:49,44,3,1,1,-1.30217,50.70953,40,1,1,1,1,8,4,1,-1,-1,1,VOLKSWAGEN SHARAN,1.0,2.0,1.0,55.0,8.0,3.0,8.0
2024440219417,2024,25/05/2024,11:00,44,2,5,1,-1.16117,50.72984,30,1,1,1,1,9,9,1,79,11,6,KIA PICANTO,1.0,3.0,1.0,64.0,9.0,2.0,0.0
2024440219417,2024,25/05/2024,11:00,44,2,5,1,-1.16117,50.72984,30,1,1,1,2,9,19,1,82,11,6,RENAULT CAPTUR,,,,,,,
2024440219417,2024,25/05/2024,11:00,44,2,5,1,-1.16117,50.72984,30,1,1,1,3,9,8,1,45,7,6,PEUGEOT 208,,,,,,,
2024440219417,2024,25/05/2024,11:00,44,2,5,1,-1.16117,50.72984,30,1,1,1,4,19,2,1,38,7,1,CITROEN DISPATCH,,,,,,,
2024440219417,2024,25/05/2024,11:00,44,2,5,1,-1.16117,50.72984,30,1,1,1,5,9,2,1,73,10,6,FORD GALAXY,,,,,,,
2024440219580,2024,25/05/2024,13:32,44,2,2,1,-1.20418,50.59781,30,1,1,2,1,5,19,1,36,7,6,YAMAHA YZF,1.0,1.0,1.0,36.0,7.0,2.0,5.0
2024440219580,2024,25/05/2024,13:32,44,2,2,1,-1.20418,50.59781,30,1,1,2,2,9,9,2,-1,-1,6,VAUXHALL CORSA,,,,,,,
2024440220219,2024,25/05/2024,14:00,44,3,2,2,-1.21402,50.59591,30,1,1,2,1,9,3,2,58,9,6,SKODA KODIAQ,1.0,1.0,2.0,58.0,9.0,3.0,9.0
2024440220219,2024,25/05/2024,14:00,44,3,2,2,-1.21402,50.59591,30,1,1,2,1,9,3,2,58,9,6,SKODA KODIAQ,2.0,2.0,2.0,28.0,6.0,3.0,9.0
2024440220219,2024,25/05/2024,14:00,44,3,2,2,-1.21402,50.59591,30,1,1,2,2,19,19,1,40,7,6,VOLKSWAGEN TRANSPORTER,,,,,,,
2024440222565,2024,27/05/2024,19:52,44,3,2,1,-1.16701,50.72265,30,1,1,1,1,9,19,1,19,4,6,CITROEN C2,1.0,2.0,1.0,24.0,5.0,3.0,9.0
2024440222565,2024,27/05/2024,19:52,44,3,2,1,-1.16701,50.72265,30,1,1,1,2,9,19,1,59,9,6,CITROEN C4,,,,,,,
2024440235378,2024,05/06/2024,10:28,44,3,2,2,-1.22727,50.72487,30,1,1,2,1,9,19,1,58,9,6,SEAT ATECA,1.0,2.0,2.0,58.0,9.0,3.0,9.0
2024440235378,2024,05/06/2024,10:28,44,3,2,2,-1.22727,50.72487,30,1,1,2,1,9,19,1,58,9,6,SEAT ATECA,2.0,2.0,2.0,25.0,5.0,3.0,9.0
2024440235378,2024,05/06/2024,10:28,44,3,2,2,-1.22727,50.72487,30,1,1,2,2,9,9,1,66,10,6,-1,,,,,,,
2024440238899,2024,07/06/2024,11:36,44,3,2,1,-1.21093,50.60085,30,1,1,2,1,1,19,1,52,8,2,-1,1.0,1.0,1.0,52.0,8.0,3.0,1.0
2024440238899,2024,07/06/2024,11:36,44,3,2,1,-1.21093,50.60085,30,1,1,2,2,9,13,1,69,10,6,KIA VENGA,,,,,,,
2024440240538,2024,08/06/2024,11:20,44,1,2,3,-1.19719,50.68417,60,1,1,2,1,9,19,1,29,6,6,LAND ROVER MODEL MISSING,1.0,1.0,1.0,29.0,6.0,3.0,9.0
2024440240538,2024,08/06/2024,11:20,44,1,2,3,-1.19719,50.68417,60,1,1,2,2,8,19,1,40,7,1,HYUNDAI I40,2.0,1.0,1.0,40.0,7.0,2.0,8.0
2024440240538,2024,08/06/2024,11:20,44,1,2,3,-1.19719,50.68417,60,1,1,2,2,8,19,1,40,7,1,HYUNDAI I40,3.0,2.0,2.0,77.0,11.0,1.0,8.0
2024440242497,2024,09/06/2024,18:00,44,3,2,1,-1.52079,50.69235,30,1,1,2,1,9,19,1,59,9,2,MERCEDES C CLASS,,,,,,,
2024440242497,2024,09/06/2024,18:00,44,3,2,1,-1.52079,50.69235,30,1,1,2,2,1,19,1,14,3,6,-1,1.0,1.0,1.0,14.0,3.0,3.0,1.0
2024440242871,2024,10/06/2024,03:32,44,2,1,1,-1.16941,50.642,30,2,5,1,1,3,19,1,21,5,6,YAMAHA YZF,1.0,1.0,1.0,21.0,5.0,2.0,3.0
2024440242903,2024,06/06/2024,07:45,44,2,1,1,-1.30471,50.72339,40,1,1,1,1,1,19,2,56,9,2,-1,1.0,1.0,2.0,56.0,9.0,2.0,1.0
2024440243065,2024,10/06/2024,09:19,44,3,2,1,-1.23692,50.72378,30,1,1,2,1,9,19,1,50,8,6,-1,1.0,1.0,1.0,50.0,8.0,3.0,9.0
2024440243065,2024,10/06/2024,09:19,44,3,2,1,-1.23692,50.72378,30,1,1,2,2,9,9,1,39,7,6,HONDA CR-V,,,,,,,
2024440245764,2024,11/06/2024,18:14,44,3,2,2,-1.46575,50.68184,60,1,1,2,1,9,19,1,57,9,6,-1,1.0,2.0,2.0,49.0,8.0,3.0,9.0
2024440245764,2024,11/06/2024,18:14,44,3,2,2,-1.46575,50.68184,60,1,1,2,2,9,19,1,25,5,6,TOYOTA AYGO,2.0,1.0,1.0,25.0,5.0,3.0,9.0
2024440257184,2024,18/06/2024,22:25,44,3,1,1,-1.07825,50.68605,30,1,4,2,1,9,19,2,32,6,2,VAUXHALL TIGRA,1.0,3.0,2.0,18.0,4.0,3.0,0.0
2024440257326,2024,19/06/2024,04:09,44,3,1,1,-1.2541,50.72378,30,1,6,2,1,9,19,1,47,8,6,MINI COOPER,1.0,2.0,2.0,42.0,7.0,3.0,9.0
2024440260814,2024,21/06/2024,01:04,44,2,1,2,-1.29875,50.66356,60,1,6,2,1,9,19,1,32,6,6,FORD FOCUS,1.0,1.0,1.0,32.0,6.0,3.0,9.0
2024440260814,2024,21/06/2024,01:04,44,2,1,2,-1.29875,50.66356,60,1,6,2,1,9,19,1,32,6,6,FORD FOCUS,2.0,2.0,1.0,24.0,5.0,2.0,9.0
2024440261774,2024,21/06/2024,15:26,44,3,1,1,-1.33172,50.6921,60,1,1,2,1,9,19,1,32,6,1,-1,1.0,1.0,1.0,32.0,6.0,3.0,9.0
2024440266283,2024,24/06/2024,18:26,44,2,2,1,-1.50735,50.67025,60,1,1,2,1,9,9,1,49,8,6,CITROEN NEMO,,,,,,,
2024440266283,2024,24/06/2024,18:26,44,2,2,1,-1.50735,50.67025,60,1,1,2,2,5,13,1,57,9,6,TRIUMPH SPEED TRIPLE,1.0,1.0,1.0,57.0,9.0,2.0,5.0
2024440268700,2024,26/06/2024,08:49,44,3,2,1,-1.24212,50.72456,30,1,1,2,1,9,3,2,44,7,6,AUDI A4,1.0,1.0,2.0,44.0,7.0,3.0,9.0
2024440268700,2024,26/06/2024,08:49,44,3,2,1,-1.24212,50.72456,30,1,1,2,2,9,19,1,-1,-1,6,FORD FOCUS,,,,,,,
2024440270055,2024,26/06/2024,22:19,44,2,2,1,-1.14593,50.71197,40,1,7,2,1,2,19,1,22,5,6,-1,1.0,1.0,1.0,22.0,5.0,2.0,2.0
2024440270055,2024,26/06/2024,22:19,44,2,2,1,-1.14593,50.71197,40,1,7,2,2,9,19,2,-1,-1,6,-1,,,,,,,
2024440270975,2024,27/06/2024,13:19,44,3,2,1,-1.14819,50.67035,30,1,1,2,1,19,19,1,77,11,6,-1,1.0,1.0,1.0,77.0,11.0,3.0,19.0
2024440270975,2024,27/06/2024,13:19,44,3,2,1,-1.14819,50.67035,30,1,1,2,2,9,9,2,70,10,6,TOYOTA YARIS,,,,,,,
2024440271730,2024,27/06/2024,19:42,44,3,1,1,-1.29642,50.75147,30,1,1,1,1,9,1,2,42,7,6,CITROEN DS4,1.0,3.0,1.0,5.0,1.0,3.0,0.0
2024440272196,2024,28/06/2024,07:24,44,2,2,1,-1.28309,50.67546,40,1,1,2,1,5,19,1,54,8,2,-1,1.0,1.0,1.0,54.0,8.0,2.0,5.0
2024440272196,2024,28/06/2024,07:24,44,2,2,1,-1.28309,50.67546,40,1,1,2,2,9,9,2,60,9,2,TOYOTA AYGO,,,,,,,
2024440272207,2024,28/06/2024,07:32,44,2,3,1,-1.26095,50.5929,40,1,1,2,1,3,14,1,19,4,6,HONDA CBR,1.0,1.0,1.0,19.0,4.0,2.0,3.0
2024440272207,2024,28/06/2024,07:32,44,2,3,1,-1.26095,50.5929,40,1,1,2,2,21,3,1,52,8,1,DAF TRUCKS MODEL MISSING,,,,,,,
2024440272207,2024,28/06/2024,07:32,44,2,3,1,-1.26095,50.5929,40,1,1,2,3,19,19,1,51,8,2,MAZDA MODEL MISSING,,,,,,,
2024440272694,2024,28/06/2024,12:54,44,3,2,1,-1.18109,50.64603,30,1,1,1,1,9,10,1,41,7,6,SUZUKI SX4,,,,,,,
2024440272694,2024,28/06/2024,12:54,44,3,2,1,-1.18109,50.64603,30,1,1,1,2,3,19,1,17,4,1,HONDA NSC,1.0,1.0,1.0,17.0,4.0,3.0,3.0
2024440274523,2024,29/06/2024,15:03,44,3,2,1,-1.41352,50.679,60,1,1,2,1,3,19,1,17,4,6,PIAGGIO FLY,1.0,1.0,1.0,17.0,4.0,3.0,3.0
2024440274523,2024,29/06/2024,15:03,44,3,2,1,-1.41352,50.679,60,1,1,2,2,9,19,3,-1,-1,6,-1,,,,,,,
2024440274721,2024,29/06/2024,17:30,44,3,1,1,-1.51435,50.70095,40,1,1,2,1,1,19,1,37,7,6,-1,1.0,1.0,1.0,37.0,7.0,3.0,1.0
2024440275942,2024,30/06/2024,15:04,44,2,3,2,-1.31863,50.69149,30,1,1,1,1,9,3,2,38,7,6,PEUGEOT 208,1.0,1.0,2.0,38.0,7.0,3.0,9.0
2024440275942,2024,30/06/2024,15:04,44,2,3,2,-1.31863,50.69149,30,1,1,1,2,9,3,1,28,6,6,-1,2.0,1.0,1.0,28.0,6.0,2.0,9.0
2024440275942,2024,30/06/2024,15:04,44,2,3,2,-1.31863,50.69149,30,1,1,1,3,9,19,1,19,4,6,VOLKSWAGEN GOLF,,,,,,,
2024440275961,2024,30/06/2024,15:28,44,3,1,1,-1.19534,50.6466,40,1,1,2,1,9,19,2,55,8,6,FORD FOCUS,1.0,1.0,2.0,55.0,8.0,3.0,9.0
2024440276755,2024,01/07/2024,07:28,44,3,2,1,-1.27623,50.74991,30,1,1,1,1,9,19,2,39,7,2,FORD FIESTA,1.0,1.0,2.0,39.0,7.0,3.0,9.0
2024440276755,2024,01/07/2024,07:28,44,3,2,1,-1.27623,50.74991,30,1,1,1,2,9,10,1,74,10,6,JAGUAR XF SERIES,,,,,,,
2024440281482,2024,03/07/2024,18:55,44,3,3,1,-1.09075,50.69353,30,1,1,2,1,9,19,1,28,6,6,NISSAN MICRA,1.0,2.0,2.0,28.0,6.0,3.0,9.0
2024440281482,2024,03/07/2024,18:55,44,3,3,1,-1.09075,50.69353,30,1,1,2,2,9,4,1,69,10,6,-1,,,,,,,
2024440281482,2024,03/07/2024,18:55,44,3,3,1,-1.09075,50.69353,30,1,1,2,3,11,3,1,-1,-1,1,ALEXANDER DENNIS MODEL MISSING,,,,,,,
2024440285235,2024,06/07/2024,02:12,44,3,2,1,-1.1779,50.62973,30,2,4,1,1,9,9,3,-1,-1,6,CITROEN C3,,,,,,,
2024440285235,2024,06/07/2024,02:12,44,3,2,1,-1.1779,50.62973,30,2,4,1,2,3,19,1,19,4,6,LEXMOTO ASSAULT 125,1.0,1.0,1.0,19.0,4.0,3.0,3.0
2024440285993,2024,06/07/2024,16:36,44,3,1,1,-1.48186,50.69946,60,1,1,2,1,9,19,1,43,7,6,LEXUS IS 200,1.0,1.0,1.0,43.0,7.0,3.0,9.0
2024440286036,2024,06/07/2024,17:05,44,2,2,1,-1.4679,50.6746,60,1,1,2,1,9,7,2,49,8,6,FORD FIESTA,,,,,,,
2024440286036,2024,06/07/2024,17:05,44,2,2,1,-1.4679,50.6746,60,1,1,2,2,3,19,1,46,8,6,HONDA WW125,1.0,1.0,1.0,46.0,8.0,2.0,3.0
2024440288514,2024,08/07/2024,13:42,44,2,2,1,-1.44195,50.67111,60,1,1,2,1,9,9,1,66,10,1,-1,,,,,,,
2024440288514,2024,08/07/2024,13:42,44,2,2,1,-1.44195,50.67111,60,1,1,2,2,4,13,1,37,7,2,KAWASAKI EX,1.0,1.0,1.0,37.0,7.0,2.0,4.0
2024440291217,2024,10/07/2024,08:08,44,3,2,1,-1.17765,50.69246,60,1,1,2,1,5,19,1,57,9,2,YAMAHA XT,1.0,1.0,1.0,57.0,9.0,3.0,5.0
2024440291217,2024,10/07/2024,08:08,44,3,2,1,-1.17765,50.69246,60,1,1,2,2,9,9,1,31,6,6,AUDI MODEL MISSING,,,,,,,
2024440293310,2024,11/07/2024,11:28,44,2,4,1,-1.16832,50.64787,30,1,1,1,1,9,19,1,47,8,1,SEAT IBIZA,1.0,1.0,1.0,47.0,8.0,2.0,9.0
2024440293310,2024,11/07/2024,11:28,44,2,4,1,-1.16832,50.64787,30,1,1,1,2,9,3,3,-1,-1,1,-1,,,,,,,
2024440293310,2024,11/07/2024,11:28,44,2,4,1,-1.16832,50.64787,30,1,1,1,3,9,3,3,-1,-1,6,DAIHATSU TERIOS,,,,,,,
2024440293310,2024,11/07/2024,11:28,44,2,4,1,-1.16832,50.64787,30,1,1,1,4,9,3,3,-1,-1,6,SKODA FABIA,,,,,,,
2024440293351,2024,11/07/2024,11:45,44,2,1,1,-1.46885,50.65794,60,1,1,2,1,5,13,1,26,6,6,YAMAHA YZF,1.0,1.0,1.0,26.0,6.0,2.0,5.0
2024440300097,2024,16/07/2024,15:57,44,2,2,7,-1.26325,50.72835,60,1,1,2,1,9,19,2,56,9,6,NISSAN MICRA,1.0,1.0,2.0,56.0,9.0,3.0,9.0
2024440300097,2024,16/07/2024,15:57,44,2,2,7,-1.26325,50.72835,60,1,1,2,1,9,19,2,56,9,6,NISSAN MICRA,2.0,2.0,2.0,25.0,5.0,2.0,9.0
2024440300097,2024,16/07/2024,15:57,44,2,2,7,-1.26325,50.72835,60,1,1,2,1,9,19,2,56,9,6,NISSAN MICRA,3.0,2.0,1.0,90.0,11.0,3.0,9.0
2024440300097,2024,16/07/2024,15:57,44,2,2,7,-1.26325,50.72835,60,1,1,2,1,9,19,2,56,9,6,NISSAN MICRA,4.0,2.0,1.0,31.0,6.0,3.0,9.0
2024440300097,2024,16/07/2024,15:57,44,2,2,7,-1.26325,50.72835,60,1,1,2,2,11,19,1,62,9,1,SCANIA MODEL MISSING,5.0,1.0,1.0,62.0,9.0,3.0,11.0
2024440300097,2024,16/07/2024,15:57,44,2,2,7,-1.26325,50.72835,60,1,1,2,2,11,19,1,62,9,1,SCANIA MODEL MISSING,6.0,2.0,1.0,13.0,3.0,3.0,11.0
2024440300097,2024,16/07/2024,15:57,44,2,2,7,-1.26325,50.72835,60,1,1,2,2,11,19,1,62,9,1,SCANIA MODEL MISSING,7.0,2.0,2.0,13.0,3.0,3.0,11.0
2024440302408,2024,17/07/2024,02:40,44,2,1,1,-1.21778,50.72645,40,1,4,2,1,3,19,1,60,9,2,YAMAHA YBR,1.0,1.0,1.0,60.0,9.0,2.0,3.0
2024440303782,2024,17/07/2024,18:45,44,3,2,1,-1.30757,50.58823,60,1,1,2,1,5,9,1,23,5,6,BMW S 1000,,,,,,,
2024440303782,2024,17/07/2024,18:45,44,3,2,1,-1.30757,50.58823,60,1,1,2,2,5,19,1,67,10,6,HONDA CB,1.0,1.0,1.0,67.0,10.0,3.0,5.0
2024440306879,2024,19/07/2024,15:45,44,3,2,1,-1.20513,50.59451,20,1,1,2,1,9,19,2,82,11,6,SUZUKI SWIFT,1.0,3.0,1.0,16.0,4.0,3.0,0.0
2024440306879,2024,19/07/2024,15:45,44,3,2,1,-1.20513,50.59451,20,1,1,2,2,9,2,2,46,8,6,BMW 5 SERIES,,,,,,,
2024440307922,2024,20/07/2024,07:48,44,2,1,1,-1.22126,50.63105,60,1,1,2,1,9,19,1,36,7,2,FORD FIESTA,1.0,1.0,1.0,36.0,7.0,2.0,9.0
2024440313105,2024,23/07/2024,15:02,44,3,2,1,-1.51972,50.6824,30,1,1,2,1,9,2,2,28,6,7,-1,1.0,1.0,2.0,28.0,6.0,3.0,9.0
2024440313105,2024,23/07/2024,15:02,44,3,2,1,-1.51972,50.6824,30,1,1,2,2,9,19,1,-1,-1,6,SKODA FABIA,,,,,,,
2024440313237,2024,23/07/2024,16:02,44,2,1,1,-1.25747,50.73385,40,1,1,2,1,3,19,1,50,8,6,-1,1.0,1.0,1.0,50.0,8.0,2.0,3.0
2024440315196,2024,24/07/2024,10:55,44,3,1,1,-1.21354,50.73331,20,1,1,2,1,9,19,1,26,6,6,VAUXHALL CORSA,1.0,3.0,2.0,32.0,6.0,3.0,0.0
2024440319587,2024,27/07/2024,15:06,44,3,2,1,-1.45311,50.65066,60,1,1,2,1,9,9,1,75,10,6,HONDA JAZZ,,,,,,,
2024440319587,2024,27/07/2024,15:06,44,3,2,1,-1.45311,50.65066,60,1,1,2,2,9,19,1,31,6,6,MERCEDES CLC CLASS,1.0,1.0,1.0,31.0,6.0,3.0,9.0
2024440320113,2024,27/07/2024,22:29,44,3,2,1,-1.51588,50.67286,30,1,6,2,1,9,19,2,32,6,2,MINI ONE,1.0,1.0,2.0,32.0,6.0,3.0,9.0
2024440320113,2024,27/07/2024,22:29,44,3,2,1,-1.51588,50.67286,30,1,6,2,2,9,2,1,41,7,6,NISSAN NOTE,,,,,,,
2024440321736,2024,29/07/2024,08:18,44,2,2,1,-1.19276,50.7273,40,1,1,1,1,3,19,1,31,6,2,KYMCO VISAR 125,1.0,1.0,1.0,31.0,6.0,2.0,3.0
2024440321736,2024,29/07/2024,08:18,44,2,2,1,-1.19276,50.7273,40,1,1,1,2,9,3,1,-1,-1,2,MAZDA 3,,,,,,,
2024440325293,2024,31/07/2024,10:05,44,3,2,1,-1.24508,50.68998,60,1,1,2,1,9,14,1,72,10,6,NISSAN X-TRAIL,,,,,,,
2024440325293,2024,31/07/2024,10:05,44,3,2,1,-1.24508,50.68998,60,1,1,2,2,9,19,2,36,7,6,RENAULT MEGANE,1.0,1.0,2.0,36.0,7.0,3.0,9.0
2024440327581,2024,01/08/2024,14:48,44,2,1,1,-1.43953,50.66948,60,1,1,2,1,5,19,1,60,9,6,TRIUMPH STREET TRIPLE,1.0,1.0,1.0,60.0,9.0,2.0,5.0
2024440328023,2024,01/08/2024,19:31,44,3,1,1,-1.24105,50.69318,60,1,1,2,1,19,19,1,29,6,1,FORD TRANSIT,1.0,1.0,1.0,29.0,6.0,3.0,19.0
2024440328098,2024,01/08/2024,20:28,44,3,2,1,-1.23934,50.70126,60,1,6,2,1,90,19,2,25,5,1,MERCEDES SPRINTER,1.0,2.0,2.0,48.0,8.0,3.0,90.0
2024440328098,2024,01/08/2024,20:28,44,3,2,1,-1.23934,50.70126,60,1,6,2,2,9,9,1,53,8,6,SKODA FABIA,,,,,,,
2024440329219,2024,02/08/2024,13:48,44,3,2,1,-1.28517,50.58841,30,1,1,2,1,9,19,1,22,5,6,VOLVO V40,1.0,3.0,1.0,55.0,8.0,3.0,0.0
2024440329219,2024,02/08/2024,13:48,44,3,2,1,-1.28517,50.58841,30,1,1,2,2,19,19,1,55,8,6,FORD TRANSIT CUSTOM,,,,,,,
2024440332612,2024,04/08/2024,19:49,44,3,1,1,-1.30109,50.67347,60,1,1,2,1,5,19,1,23,5,6,-1,1.0,1.0,1.0,23.0,5.0,3.0,5.0
2024440337062,2024,07/08/2024,13:00,44,2,2,1,-1.46587,50.65532,60,1,1,2,1,4,19,1,33,6,6,HONDA CB,1.0,1.0,1.0,33.0,6.0,2.0,4.0
2024440337062,2024,07/08/2024,13:00,44,2,2,1,-1.46587,50.65532,60,1,1,2,2,9,9,2,23,5,6,KIA RIO,,,,,,,
2024440341811,2024,10/08/2024,12:28,44,3,3,1,-1.2759,50.74891,30,1,1,1,1,9,9,1,-1,-1,6,VOLKSWAGEN GOLF,,,,,,,
2024440341811,2024,10/08/2024,12:28,44,3,3,1,-1.2759,50.74891,30,1,1,1,2,19,3,1,46,8,6,MERCEDES VITO,1.0,1.0,1.0,46.0,8.0,3.0,19.0
2024440341811,2024,10/08/2024,12:28,44,3,3,1,-1.2759,50.74891,30,1,1,1,3,9,3,2,63,9,6,LAND ROVER DISCOVERY,,,,,,,
2024440343331,2024,11/08/2024,11:15,44,2,1,1,-1.15557,50.65384,30,1,1,1,1,9,19,1,60,9,6,BMW 4 SERIES,1.0,3.0,2.0,45.0,7.0,2.0,0.0
2024440343994,2024,12/08/2024,00:44,44,2,1,1,-1.19706,50.71446,60,1,6,2,1,5,19,1,24,5,6,YAMAHA MT,1.0,1.0,1.0,24.0,5.0,2.0,5.0
2024440344545,2024,12/08/2024,12:24,44,3,2,3,-1.34468,50.68901,60,1,1,2,1,9,19,1,91,11,6,FORD PUMA,1.0,1.0,1.0,91.0,11.0,3.0,9.0
2024440344545,2024,12/08/2024,12:24,44,3,2,3,-1.34468,50.68901,60,1,1,2,2,9,9,1,54,8,6,VOLKSWAGEN TOURAN,2.0,2.0,1.0,17.0,4.0,3.0,9.0
2024440344545,2024,12/08/2024,12:24,44,3,2,3,-1.34468,50.68901,60,1,1,2,2,9,9,1,54,8,6,VOLKSWAGEN TOURAN,3.0,2.0,1.0,17.0,4.0,3.0,9.0
2024440351203,2024,16/08/2024,10:38,44,2,2,7,-1.38858,50.68248,60,1,1,2,1,9,19,1,27,6,6,SEAT ATECA,1.0,1.0,1.0,27.0,6.0,2.0,9.0
2024440351203,2024,16/08/2024,10:38,44,2,2,7,-1.38858,50.68248,60,1,1,2,1,9,19,1,27,6,6,SEAT ATECA,2.0,2.0,2.0,29.0,6.0,3.0,9.0
2024440351203,2024,16/08/2024,10:38,44,2,2,7,-1.38858,50.68248,60,1,1,2,1,9,19,1,27,6,6,SEAT ATECA,3.0,2.0,2.0,8.0,2.0,3.0,9.0
2024440351203,2024,16/08/2024,10:38,44,2,2,7,-1.38858,50.68248,60,1,1,2,1,9,19,1,27,6,6,SEAT ATECA,4.0,2.0,2.0,6.0,2.0,3.0,9.0
2024440351203,2024,16/08/2024,10:38,44,2,2,7,-1.38858,50.68248,60,1,1,2,2,9,19,1,37,7,6,HONDA JAZZ,5.0,1.0,1.0,37.0,7.0,2.0,9.0
2024440351203,2024,16/08/2024,10:38,44,2,2,7,-1.38858,50.68248,60,1,1,2,2,9,19,1,37,7,6,HONDA JAZZ,6.0,2.0,1.0,6.0,2.0,2.0,9.0
2024440351203,2024,16/08/2024,10:38,44,2,2,7,-1.38858,50.68248,60,1,1,2,2,9,19,1,37,7,6,HONDA JAZZ,7.0,2.0,1.0,4.0,1.0,3.0,9.0
2024440351322,2024,15/08/2024,16:30,44,2,2,1,-1.15092,50.72228,30,1,1,1,1,9,9,2,64,9,6,PEUGEOT 206,,,,,,,
2024440351322,2024,15/08/2024,16:30,44,2,2,1,-1.15092,50.72228,30,1,1,1,2,4,9,1,35,6,6,HONDA WW125,1.0,1.0,1.0,35.0,6.0,2.0,4.0
2024440353581,2024,17/08/2024,20:05,44,3,1,1,-1.16069,50.73286,30,1,1,1,1,9,19,1,36,7,6,PEUGEOT 207,1.0,3.0,1.0,13.0,3.0,3.0,0.0
2024440358055,2024,20/08/2024,17:31,44,3,2,1,-1.27828,50.75377,30,1,1,1,1,9,19,1,63,9,6,LAND ROVER DISCOVERY,,,,,,,
2024440358055,2024,20/08/2024,17:31,44,3,2,1,-1.27828,50.75377,30,1,1,1,2,1,7,1,70,10,6,-1,1.0,1.0,1.0,70.0,10.0,3.0,1.0
2024440358148,2024,20/08/2024,19:02,44,2,2,1,-1.17779,50.66914,60,1,1,2,1,3,19,1,44,7,6,YAMAHA R,1.0,1.0,1.0,44.0,7.0,2.0,3.0
2024440358148,2024,20/08/2024,19:02,44,2,2,1,-1.17779,50.66914,60,1,1,2,2,17,1,1,67,10,1,CASE IH MODEL MISSING,,,,,,,
2024440359888,2024,21/08/2024,20:21,44,3,1,2,-1.26181,50.62751,60,1,6,2,1,9,19,1,45,7,6,VAUXHALL ASTRA,1.0,1.0,1.0,45.0,7.0,3.0,9.0
2024440359888,2024,21/08/2024,20:21,44,3,1,2,-1.26181,50.62751,60,1,6,2,1,9,19,1,45,7,6,VAUXHALL ASTRA,2.0,2.0,1.0,31.0,6.0,3.0,9.0
2024440363959,2024,23/08/2024,11:20,44,3,2,1,-1.24697,50.68736,60,1,1,2,1,3,19,2,52,8,6,-1,1.0,1.0,2.0,52.0,8.0,3.0,3.0
2024440363959,2024,23/08/2024,11:20,44,3,2,1,-1.24697,50.68736,60,1,1,2,2,9,19,1,-1,-1,6,-1,,,,,,,
2024440364723,2024,24/08/2024,15:15,44,3,4,1,-1.28267,50.62425,60,1,1,2,1,3,19,1,59,9,6,-1,1.0,1.0,1.0,59.0,9.0,3.0,3.0
2024440364723,2024,24/08/2024,15:15,44,3,4,1,-1.28267,50.62425,60,1,1,2,2,3,19,1,55,8,6,-1,,,,,,,
2024440364723,2024,24/08/2024,15:15,44,3,4,1,-1.28267,50.62425,60,1,1,2,3,9,13,1,-1,-1,6,-1,,,,,,,
2024440364723,2024,24/08/2024,15:15,44,3,4,1,-1.28267,50.62425,60,1,1,2,4,9,19,1,-1,-1,6,FORD FIESTA,,,,,,,
2024440365113,2024,25/08/2024,15:20,44,3,2,3,-1.30926,50.69164,30,1,1,1,1,9,3,1,20,4,6,-1,1.0,1.0,1.0,20.0,4.0,3.0,9.0
2024440365113,2024,25/08/2024,15:20,44,3,2,3,-1.30926,50.69164,30,1,1,1,1,9,3,1,20,4,6,-1,2.0,2.0,1.0,18.0,4.0,3.0,9.0
2024440365113,2024,25/08/2024,15:20,44,3,2,3,-1.30926,50.69164,30,1,1,1,1,9,3,1,20,4,6,-1,3.0,2.0,1.0,22.0,5.0,3.0,9.0
2024440365113,2024,25/08/2024,15:20,44,3,2,3,-1.30926,50.69164,30,1,1,1,2,9,19,3,-1,-1,6,KIA PICANTO,,,,,,,
2024440370129,2024,29/08/2024,00:02,44,2,2,4,-1.22428,50.60515,60,1,6,2,1,9,19,1,46,8,6,FORD FOCUS,1.0,1.0,1.0,46.0,8.0,2.0,9.0
2024440370129,2024,29/08/2024,00:02,44,2,2,4,-1.22428,50.60515,60,1,6,2,2,11,19,1,64,9,1,ALEXANDER DENNIS MODEL MISSING,2.0,1.0,1.0,64.0,9.0,3.0,11.0